price,count
6500000.0,108
7500000.0,105
8000000.0,94
9500000.0,93
8500000.0,85
5500000.0,80
10500000.0,80
6000000.0,80
7000000.0,79
6300000.0,79
9000000.0,76
4500000.0,75
7200000.0,69
5200000.0,63
4200000.0,62
5900000.0,61
6800000.0,61
11000000.0,60
5300000.0,60
8300000.0,57
6700000.0,56
6200000.0,54
8200000.0,54
7800000.0,54
5700000.0,54
3900000.0,52
4800000.0,52
4000000.0,51
6100000.0,51
4900000.0,51
5000000.0,51
4600000.0,51
13500000.0,51
3500000.0,51
6400000.0,50
4700000.0,49
4100000.0,48
5100000.0,48
4300000.0,47
5800000.0,47
9200000.0,47
3800000.0,47
3600000.0,47
4400000.0,47
8800000.0,45
7300000.0,45
14500000.0,44
12500000.0,44
3700000.0,42
5400000.0,42
12000000.0,42
8900000.0,42
6900000.0,41
9700000.0,41
7400000.0,40
7700000.0,39
6600000.0,39
8700000.0,39
5600000.0,38
11500000.0,38
7900000.0,37
15500000.0,37
10000000.0,37
8600000.0,36
7100000.0,36
3100000.0,35
9900000.0,33
6150000.0,33
3300000.0,33
3200000.0,33
7600000.0,32
16500000.0,30
10300000.0,29
8100000.0,29
11700000.0,28
6650000.0,27
11200000.0,26
13000000.0,26
3400000.0,26
4950000.0,26
9800000.0,25
17500000.0,25
11300000.0,25
4650000.0,25
14000000.0,25
3850000.0,25
9100000.0,24
9300000.0,24
5750000.0,24
5450000.0,24
6950000.0,24
15000000.0,24
3150000.0,24
2900000.0,24
3000000.0,23
2800000.0,23
10800000.0,23
7650000.0,23
10700000.0,23
4550000.0,22
4150000.0,22
5950000.0,22
3650000.0,21
9400000.0,21
6350000.0,21
23000000.0,21
4350000.0,21
16000000.0,21
17000000.0,21
22000000.0,20
6750000.0,20
3250000.0,20
25000000.0,20
3450000.0,19
85000000.0,19
75000000.0,19
30000000.0,19
3990000.0,18
10200000.0,18
20000000.0,18
10900000.0,18
2700000.0,18
2850000.0,18
18500000.0,18
10400000.0,18
8400000.0,17
2600000.0,17
9600000.0,17
80000000.0,17
6250000.0,17
8990000.0,17
6990000.0,17
5990000.0,17
5850000.0,17
19500000.0,17
4250000.0,17
4990000.0,16
4850000.0,16
5650000.0,16
115000000.0,16
21000000.0,16
5350000.0,16
5150000.0,16
20500000.0,16
170000000.0,16
11800000.0,15
130000000.0,15
8750000.0,15
7150000.0,15
12200000.0,15
4750000.0,15
2950000.0,15
7250000.0,15
8950000.0,14
7990000.0,14
13900000.0,14
5250000.0,14
2990000.0,14
95000000.0,14
14200000.0,14
19000000.0,14
14900000.0,14
13700000.0,14
250000000.0,14
13800000.0,14
3950000.0,14
2400000.0,14
18000000.0,14
11900000.0,14
10600000.0,14
26000000.0,13
3750000.0,13
9650000.0,13
6450000.0,13
7350000.0,13
14700000.0,13
59000000.0,13
23500000.0,13
2100000.0,12
12300000.0,12
4450000.0,12
7450000.0,12
45000000.0,12
3550000.0,12
12700000.0,12
21500000.0,12
135000000.0,12
9990000.0,12
3999000.0,11
11100000.0,11
110000000.0,11
13200000.0,11
9250000.0,11
65000000.0,11
2000000.0,11
8150000.0,11
32000000.0,11
7550000.0,11
125000000.0,11
8250000.0,11
35000000.0,11
8350000.0,11
3050000.0,11
27000000.0,11
5550000.0,10
3350000.0,10
19900000.0,10
90000000.0,10
120000000.0,10
9750000.0,10
11400000.0,10
2300000.0,10
55000000.0,10
22900000.0,10
9450000.0,10
78000000.0,10
38000000.0,10
7750000.0,10
2500000.0,10
6850000.0,10
70000000.0,10
60000000.0,10
3490000.0,9
15300000.0,9
4050000.0,9
26500000.0,9
14950000.0,9
8650000.0,9
12800000.0,9
19800000.0,9
7950000.0,9
9350000.0,9
8550000.0,9
17900000.0,8
29000000.0,8
105000000.0,8
8490000.0,8
13950000.0,8
19700000.0,8
12600000.0,8
98000000.0,8
280000000.0,8
6050000.0,8
7050000.0,8
2750000.0,8
2200000.0,8
10250000.0,8
53000000.0,8
16800000.0,8
9550000.0,8
12900000.0,8
2650000.0,8
6550000.0,8
52000000.0,7
40000000.0,7
20900000.0,7
13450000.0,7
28000000.0,7
7790000.0,7
10100000.0,7
13300000.0,7
15900000.0,7
6499000.0,7
28500000.0,7
18900000.0,7
13600000.0,7
16200000.0,7
10850000.0,7
4999000.0,7
9950000.0,7
22500000.0,7
13400000.0,7
16300000.0,7
16600000.0,7
10150000.0,7
18700000.0,7
14800000.0,7
17800000.0,7
10350000.0,6
12650000.0,6
4590000.0,6
10990000.0,6
5999000.0,6
1600000.0,6
11350000.0,6
50000000.0,6
4999999.0,6
13990000.0,6
16700000.0,6
11850000.0,6
83000000.0,6
99000000.0,6
36500000.0,6
15200000.0,6
150000000.0,6
39900000.0,6
25500000.0,6
129000000.0,6
9150000.0,6
29500000.0,6
12100000.0,6
24500000.0,6
10950000.0,6
11600000.0,6
24990000.0,6
63000000.0,6
27500000.0,6
31000000.0,6
5050000.0,6
7490000.0,6
47000000.0,6
16100000.0,6
68000000.0,6
4390000.0,5
6299000.0,5
51000000.0,5
7999000.0,5
15600000.0,5
9999000.0,5
35500000.0,5
41000000.0,5
8499999.0,5
7999999.0,5
18300000.0,5
69000000.0,5
33000000.0,5
300000000.0,5
59900000.0,5
382500000.0,5
21800000.0,5
100000000.0,5
12400000.0,5
140000000.0,5
5299000.0,5
57000000.0,5
8999999.0,5
64900000.0,5
102000000.0,5
34000000.0,5
23900000.0,5
2150000.0,5
450000000.0,5
7590000.0,5
185000000.0,5
15800000.0,5
54000000.0,5
92000000.0,5
49000000.0,5
7690000.0,5
13100000.0,5
1500000.0,5
13490000.0,5
10450000.0,5
14300000.0,5
4490000.0,5
2790000.0,4
6190000.0,4
12250000.0,4
29900000.0,4
2350000.0,4
1900000.0,4
4290000.0,4
3980000.0,4
6999000.0,4
2690000.0,4
4199000.0,4
5690000.0,4
8050000.0,4
15990000.0,4
14400000.0,4
73000000.0,4
99900000.0,4
9890000.0,4
18800000.0,4
93000000.0,4
67000000.0,4
3390000.0,4
37000000.0,4
330000000.0,4
245000000.0,4
200000000.0,4
17200000.0,4
6399000.0,4
11990000.0,4
430000000.0,4
45500000.0,4
74900000.0,4
2999000.0,4
10750000.0,4
44000000.0,4
14990000.0,4
240000000.0,4
43000000.0,4
10550000.0,4
13999000.0,4
10499000.0,4
180000000.0,4
4199999.0,4
58500000.0,4
10650000.0,4
4190000.0,4
6790000.0,4
19400000.0,4
96000000.0,4
62000000.0,4
79950000.0,4
195000000.0,4
160000000.0,4
18990000.0,4
4899000.0,4
9490000.0,4
56000000.0,4
33500000.0,4
46000000.0,4
30500000.0,4
114000000.0,3
202939590.0,3
289775400.0,3
69500000.0,3
48000000.0,3
9980000.0,3
43500000.0,3
20600000.0,3
44500000.0,3
136000000.0,3
49500000.0,3
218000000.0,3
249000000.0,3
3890000.0,3
72000000.0,3
77000000.0,3
61000000.0,3
380000000.0,3
12450000.0,3
14600000.0,3
3599000.0,3
4790000.0,3
5599000.0,3
6499999.0,3
5980000.0,3
6590000.0,3
5999999.0,3
6490000.0,3
11550000.0,3
9050610.0,3
16250000.0,3
19990000.0,3
4299000.0,3
25100000.0,3
12950000.0,3
24900000.0,3
15350000.0,3
17990000.0,3
25900000.0,3
400000000.0,3
4370000.0,3
24300000.0,3
5890000.0,3
12150000.0,3
3999999.0,3
25200000.0,3
39200000.0,3
12350000.0,3
12750000.0,3
3280000.0,3
1800000.0,3
1950000.0,3
3699000.0,3
48500000.0,3
12990000.0,3
15999999.0,3
230000000.0,3
4040000.0,3
6999999.0,3
2570000.0,3
5390000.0,3
7599000.0,3
41500000.0,3
14450000.0,3
5790000.0,3
14850000.0,3
8499000.0,3
69900000.0,3
38500000.0,3
58000000.0,3
91000000.0,3
16400000.0,3
800000.0,3
2290000.0,3
16900000.0,3
129900000.0,3
4890000.0,3
249900000.0,3
26900000.0,3
97000000.0,3
21700000.0,3
24000000.0,3
3970000.0,3
4480000.0,3
7280000.0,3
8880000.0,3
8450000.0,3
8190000.0,3
3790000.0,3
28900000.0,3
17750000.0,3
34900000.0,3
8690000.0,3
19200000.0,3
220000000.0,2
11390000.0,2
18750000.0,2
141031579.0,2
6966700.0,2
22490000.0,2
50408190.0,2
3230000.0,2
16950000.0,2
19100000.0,2
22100000.0,2
18100000.0,2
7799000.0,2
7480000.0,2
94900000.0,2
17400000.0,2
15400000.0,2
42441000.0,2
8580000.0,2
13790000.0,2
8399000.0,2
12490000.0,2
11580000.0,2
83238700.0,2
66000000.0,2
68500000.0,2
7890000.0,2
76000000.0,2
26200000.0,2
17499000.0,2
87000000.0,2
299000000.0,2
7070000.0,2
7753705.0,2
8280000.0,2
17300000.0,2
9480000.0,2
21990000.0,2
21200000.0,2
31500000.0,2
7880000.0,2
8799000.0,2
119000000.0,2
11150000.0,2
193183600.0,2
8199999.0,2
3670000.0,2
2390000.0,2
42000000.0,2
8210233.0,2
8750299.0,2
4530000.0,2
2620000.0,2
6090000.0,2
8977500.0,2
159000000.0,2
2430000.0,2
10890000.0,2
4299999.0,2
4470000.0,2
3780000.0,2
15210000.0,2
4899999.0,2
2999999.0,2
9215000.0,2
139000000.0,2
8299999.0,2
11753390.0,2
116315357.0,2
28490000.0,2
8850000.0,2
22990000.0,2
15250000.0,2
8995000.0,2
8970000.0,2
13999999.0,2
5399000.0,2
108900000.0,2
20300000.0,2
13199000.0,2
4940161.0,2
124900000.0,2
18400000.0,2
21900000.0,2
118500000.0,2
7199000.0,2
15700000.0,2
600000000.0,2
46174800.0,2
13350000.0,2
39798063.0,2
27990000.0,2
68900000.0,2
84500000.0,2
19999999.0,2
41900000.0,2
157500000.0,2
64000000.0,2
454000000.0,2
16150000.0,2
36800000.0,2
4399999.0,2
531254900.0,2
17934306.0,2
325000000.0,2
32700000.0,2
36300000.0,2
134900000.0,2
285000000.0,2
9850000.0,2
500000000.0,2
24800000.0,2
18200000.0,2
79990000.0,2
8470000.0,2
68999999.0,2
370000000.0,2
13250000.0,2
97900000.0,2
54500000.0,2
5770000.0,2
97767000.0,2
189000000.0,2
257000000.0,2
12980000.0,2
13850000.0,2
37900000.0,2
12480000.0,2
15890000.0,2
44300000.0,2
16375836.0,2
24850000.0,2
57500000.0,2
52500000.0,2
16650000.0,2
215000000.0,2
40990000.0,2
23950000.0,2
51500000.0,2
61029045.0,2
74500000.0,2
52900000.0,2
18999000.0,2
25600000.0,2
58700000.0,2
33300000.0,2
29990000.0,2
14981400.0,2
50500000.0,2
26640000.0,2
10690000.0,2
10453500.0,2
44900000.0,2
37990000.0,2
10896151.0,2
10299999.0,2
128750000.0,2
451500000.0,2
10999999.0,2
25950000.0,2
6070000.0,2
2970000.0,2
395000000.0,2
8790000.0,2
56500000.0,2
260400000.0,2
22600000.0,2
228750000.0,2
184900000.0,2
25990000.0,2
36000000.0,2
207000000.0,2
25700000.0,2
20950000.0,2
165000000.0,2
157600000.0,2
117936000.0,2
20200000.0,2
24999999.0,2
18950000.0,2
26300000.0,2
18180605.0,2
17116966.0,2
26400000.0,2
42500000.0,2
46500000.0,2
8590000.0,2
23450000.0,2
210000000.0,2
6599000.0,2
3770000.0,2
4116000.0,2
4280000.0,2
2550000.0,2
24490000.0,2
2250000.0,2
11490000.0,2
22800000.0,2
3880000.0,2
9199000.0,2
17600000.0,2
11250000.0,2
8270000.0,2
3270000.0,2
5230000.0,2
7290000.0,2
12550000.0,2
11695000.0,2
6799995.0,2
5199000.0,2
39990000.0,2
35990000.0,2
4785000.0,2
23600000.0,2
900000.0,2
1990000.0,2
2590000.0,2
5590000.0,2
5899999.0,2
4880000.0,2
3480000.0,2
12180000.0,2
36900000.0,2
6390000.0,2
4799000.0,2
8199000.0,2
7380000.0,2
2499000.0,2
1067940000.0,2
8960000.0,2
5490000.0,2
5649000.0,2
6037500.0,2
28859441.0,2
1000000.0,2
7390000.0,2
11570000.0,2
9799000.0,2
195551680.0,2
25800000.0,2
14550000.0,2
212249290.0,2
29600000.0,2
7749000.0,2
11450000.0,2
3590000.0,2
3899000.0,2
1700000.0,2
3680000.0,2
4569400.0,2
2980000.0,2
2170000.0,2
7850000.0,2
2299000.0,2
5799000.0,2
2370000.0,2
15834000.0,2
661500000.0,2
4784000.0,2
3591000.0,2
13150000.0,2
27200000.0,2
629597404.0,2
14250000.0,2
10999000.0,2
1300000.0,2
10490000.0,2
3299000.0,2
9979200.0,2
8002061.0,2
4549000.0,2
2050000.0,2
9050000.0,2
20990000.0,2
8255280.0,2
2560000.0,2
12399000.0,2
7777777.0,2
6320000.0,2
9590000.0,2
11890000.0,2
37500000.0,2
3995000.0,2
150958800.0,2
10699000.0,2
15650000.0,2
8090000.0,2
13750000.0,2
5380000.0,2
21400000.0,2
2849000.0,2
53102770.0,2
10327500.0,2
11950000.0,2
7499000.0,2
5499999.0,2
49900000.0,2
1999000.0,2
1750000.0,2
3499000.0,2
14490000.0,2
6980000.0,2
6760000.0,2
15138253.0,1
17344823.0,1
26053070.0,1
867754799.0,1
76970469.0,1
134500000.0,1
325657500.0,1
24200000.0,1
20029414.0,1
120587020.0,1
14137723.0,1
112000000.0,1
57169200.0,1
149669870.0,1
52100000.0,1
21433520.0,1
23702590.0,1
19118530.0,1
13225948.0,1
14063245.0,1
65823293.0,1
59950000.0,1
4080000.0,1
147000000.0,1
3290000.0,1
145000000.0,1
12860000.0,1
239439200.0,1
386367200.0,1
24949848.0,1
79774932.0,1
44115010.0,1
15478241.0,1
26441040.0,1
31600000.0,1
6713382.0,1
240230999.0,1
376708020.0,1
290000000.0,1
73984080.0,1
25242000.0,1
87500000.0,1
5880000.0,1
97500000.0,1
217080000.0,1
11799999.0,1
6299999.0,1
158765458.0,1
28766805.0,1
89000000.0,1
18953124.0,1
255000000.0,1
212501960.0,1
51708808.0,1
211403279.0,1
35550000.0,1
45616028.0,1
36250000.0,1
25894457.0,1
46284960.0,1
134529359.0,1
58271580.0,1
214999900.0,1
26274768.0,1
350000000.0,1
66900000.0,1
206000000.0,1
47306010.0,1
17892000.0,1
265000000.0,1
30200000.0,1
32947338.0,1
27594000.0,1
53360960.0,1
47450000.0,1
128900000.0,1
442004076.0,1
444000000.0,1
470000000.0,1
128000000.0,1
23386077.0,1
127000000.0,1
124000000.0,1
122031520.0,1
119900000.0,1
641897231.0,1
665000000.0,1
119990000.0,1
676142600.0,1
118400000.0,1
21300000.0,1
26800000.0,1
117000000.0,1
27150000.0,1
109900000.0,1
108000000.0,1
41200000.0,1
67050000.0,1
106250980.0,1
178000000.0,1
106000000.0,1
20443620.0,1
138250000.0,1
98950000.0,1
321000000.0,1
20328519.0,1
200833115.0,1
270000000.0,1
198500000.0,1
269900000.0,1
174900000.0,1
173999999.0,1
172015000.0,1
172900000.0,1
161400000.0,1
275950000.0,1
157800000.0,1
275900000.0,1
280116220.0,1
298000000.0,1
154800000.0,1
310000000.0,1
316720550.0,1
149000000.0,1
144887700.0,1
144000000.0,1
315720000.0,1
144138599.0,1
139900000.0,1
317104919.0,1
99844800.0,1
183695036.0,1
20555780.0,1
75500000.0,1
72999000.0,1
57600000.0,1
1058580000.0,1
244500000.0,1
56900000.0,1
165259600.0,1
38890000.0,1
20642420.0,1
239900000.0,1
7582202.0,1
1309840000.0,1
260639043.0,1
9870000.0,1
107856000.0,1
22210778.0,1
23190000.0,1
14785523.0,1
294000000.0,1
17584500.0,1
29870000.0,1
239990000.0,1
620000000.0,1
14608904.0,1
24567484.0,1
760463550.0,1
287843564.0,1
629417250.0,1
9237580.0,1
76400000.0,1
96091439.0,1
258000000.0,1
328412120.0,1
329445000.0,1
333500000.0,1
451134599.0,1
450288986.0,1
94000000.0,1
449231969.0,1
91980000.0,1
453556127.0,1
87175336.0,1
86600000.0,1
85500000.0,1
83990000.0,1
84000000.0,1
488378000.0,1
82000000.0,1
79980000.0,1
1289000000.0,1
79900000.0,1
77900000.0,1
64990000.0,1
77400000.0,1
77500000.0,1
4449880.0,1
22869756.0,1
17060774.0,1
7231656.0,1
6024000.0,1
14170000.0,1
4030000.0,1
10103600.0,1
10161600.0,1
10664200.0,1
9613400.0,1
10082000.0,1
11235900.0,1
15248250.0,1
11797000.0,1
15276000.0,1
10886400.0,1
13076000.0,1
31900000.0,1
6910594.0,1
11049000.0,1
8360000.0,1
5486000.0,1
5086800.0,1
7970000.0,1
8225000.0,1
6930000.0,1
5110000.0,1
7299999.0,1
5960000.0,1
6923466.0,1
11690000.0,1
6960000.0,1
12499000.0,1
6868000.0,1
4268000.0,1
5195520.0,1
9099000.0,1
5210000.0,1
6149999.0,1
22148000.0,1
5449000.0,1
14199000.0,1
2799000.0,1
3614720.0,1
2865000.0,1
12038400.0,1
11763150.0,1
11785080.0,1
11548280.0,1
12072880.0,1
12104775.0,1
12180980.0,1
11987000.0,1
10390164.0,1
21135114.0,1
20020828.0,1
6099000.0,1
6019359.0,1
6705550.0,1
6340000.0,1
2610000.0,1
8840000.0,1
6915000.0,1
10395000.0,1
8630000.0,1
7940000.0,1
4995000.0,1
6684490.0,1
7899999.0,1
6681423.0,1
17490000.0,1
16178000.0,1
23990000.0,1
7487764.0,1
6369626.0,1
5299999.0,1
8498000.0,1
22200000.0,1
8425100.0,1
8562600.0,1
8633000.0,1
8680000.0,1
8863584.0,1
8828800.0,1
8855000.0,1
9132416.0,1
9163475.0,1
9251325.0,1
9276397.0,1
9425000.0,1
9379800.0,1
6396000.0,1
6360073.0,1
6383200.0,1
8483301.0,1
8404200.0,1
6396057.0,1
8253188.0,1
7193900.0,1
7195727.0,1
7322381.0,1
7325893.0,1
7368104.0,1
7576190.0,1
7552400.0,1
7610812.0,1
7662600.0,1
7851633.0,1
7883090.0,1
7977693.0,1
7939393.0,1
8221005.0,1
8234840.0,1
6355595.0,1
6414972.0,1
15150000.0,1
7331440.0,1
7509240.0,1
7530344.0,1
7521502.0,1
7569234.0,1
7515327.0,1
10076668.0,1
17940500.0,1
6970000.0,1
5897000.0,1
6565500.0,1
10875000.0,1
6690000.0,1
14963000.0,1
7233334.0,1
7236227.0,1
7374600.0,1
7349097.0,1
6459341.0,1
7126500.0,1
6513432.0,1
6578880.0,1
6551694.0,1
6608941.0,1
6622834.0,1
6742848.0,1
6758742.0,1
6789299.0,1
6895837.0,1
6825252.0,1
6939100.0,1
7021170.0,1
7000483.0,1
7033116.0,1
7108200.0,1
19179370.0,1
21847166.0,1
16890827.0,1
19276912.0,1
18600000.0,1
27211464.0,1
20924404.0,1
15171200.0,1
15017450.0,1
18283800.0,1
14290000.0,1
16341588.0,1
16231406.0,1
16382365.0,1
16385600.0,1
16508322.0,1
16852000.0,1
16890999.0,1
16839025.0,1
14889600.0,1
15813700.0,1
17330000.0,1
20750000.0,1
49397292.0,1
18641960.0,1
13284800.0,1
19474173.0,1
94379399.0,1
18036000.0,1
20706120.0,1
14424600.0,1
13187400.0,1
18887687.0,1
13867800.0,1
13230900.0,1
18359562.0,1
25808328.0,1
12673200.0,1
16826475.0,1
17794229.0,1
15390800.0,1
37001745.0,1
39134865.0,1
20685000.0,1
17082000.0,1
18016600.0,1
14459000.0,1
1550000.0,1
1450000.0,1
19372302.0,1
20296126.0,1
45819383.0,1
40900000.0,1
18229560.0,1
14220000.0,1
18954380.0,1
18285049.0,1
37872450.0,1
25586848.0,1
17897525.0,1
25450000.0,1
17819296.0,1
17887200.0,1
18284000.0,1
28850000.0,1
18666654.0,1
18938000.0,1
18884250.0,1
19927380.0,1
20871102.0,1
21056900.0,1
21171625.0,1
21071485.0,1
22370592.0,1
25060014.0,1
25356788.0,1
18072200.0,1
18230904.0,1
10124910.0,1
16550000.0,1
11382102.0,1
11404836.0,1
11439000.0,1
11714000.0,1
11984000.0,1
11934182.0,1
11995787.0,1
12288111.0,1
12360701.0,1
12360564.0,1
12275632.0,1
12342000.0,1
12285900.0,1
12472900.0,1
28700000.0,1
16750000.0,1
11798300.0,1
12669390.0,1
15825550.0,1
16361982.0,1
15423181.0,1
13703780.0,1
12156650.0,1
10639763.0,1
10719494.0,1
13418016.0,1
10386711.0,1
10433132.0,1
10442250.0,1
10405200.0,1
10402361.0,1
10962422.0,1
10988000.0,1
11124000.0,1
29300000.0,1
12659191.0,1
15364000.0,1
14080000.0,1
14011200.0,1
14081551.0,1
14001018.0,1
14230500.0,1
10725000.0,1
10662255.0,1
14540917.0,1
13070000.0,1
15073376.0,1
14951151.0,1
15081816.0,1
15505982.0,1
15515600.0,1
15950717.0,1
8945000.0,1
14093299.0,1
14065096.0,1
12719690.0,1
8255000.0,1
12691440.0,1
12729600.0,1
12900932.0,1
6747548.0,1
6715221.0,1
13110000.0,1
13006636.0,1
13040072.0,1
13077043.0,1
13077725.0,1
13562717.0,1
13598980.0,1
13690000.0,1
13668897.0,1
8195000.0,1
153000000.0,1
212000000.0,1
451350000.0,1
31523248.0,1
2680000.0,1
59500000.0,1
128600000.0,1
46516000.0,1
51900000.0,1
62517091.0,1
72300000.0,1
75348000.0,1
58020150.0,1
44301488.0,1
463176000.0,1
36120508.0,1
45448290.0,1
77775516.0,1
31667318.0,1
97362300.0,1
4180000.0,1
5099999.0,1
43700686.0,1
42132599.0,1
9097630.0,1
9048459.0,1
9058936.0,1
9347622.0,1
36844754.0,1
37474500.0,1
37360215.0,1
130700000.0,1
9570000.0,1
9575369.0,1
9576498.0,1
9703460.0,1
42201150.0,1
42053329.0,1
42000660.0,1
360150000.0,1
29279905.0,1
663208957.0,1
10427279.0,1
45227820.0,1
45386000.0,1
45167360.0,1
47365200.0,1
8290000.0,1
10267200.0,1
10391200.0,1
10439056.0,1
97669500.0,1
10648838.0,1
11284000.0,1
10262865.0,1
10283784.0,1
10251234.0,1
10536314.0,1
10625647.0,1
45063550.0,1
434663100.0,1
185859780.0,1
10081309.0,1
54941120.0,1
129650000.0,1
97689600.0,1
1127040000.0,1
162520646.0,1
59627500.0,1
43233300.0,1
7270000.0,1
159900000.0,1
168820000.0,1
312783566.0,1
317883613.0,1
9931172.0,1
9947000.0,1
10073975.0,1
9052858.0,1
66890000.0,1
66500000.0,1
15690000.0,1
16499000.0,1
17450000.0,1
18250000.0,1
19490000.0,1
15750000.0,1
20025660.0,1
35200000.0,1
18181974.0,1
6456000.0,1
18257184.0,1
18202542.0,1
18226650.0,1
19517769.0,1
24950000.0,1
28495000.0,1
25800550.0,1
16714880.0,1
14816865.0,1
14922339.0,1
14811235.0,1
176120000.0,1
7764397.0,1
7760480.0,1
158500000.0,1
451634279.0,1
43900000.0,1
134550000.0,1
281209720.0,1
666483420.0,1
15110000.0,1
83700000.0,1
26350000.0,1
524329999.0,1
756313794.0,1
14941612.0,1
29289082.0,1
71000000.0,1
21600000.0,1
25805100.0,1
29694640.0,1
5498000.0,1
45300000.0,1
54700000.0,1
54900000.0,1
8500400.0,1
8539200.0,1
8633822.0,1
8867200.0,1
45900000.0,1
32846114.0,1
32755500.0,1
33576108.0,1
35600589.0,1
6240000.0,1
25672477.0,1
25940491.0,1
21785224.0,1
39950000.0,1
21855122.0,1
21771093.0,1
23410000.0,1
19372498.0,1
3799000.0,1
4160000.0,1
35850000.0,1
39400000.0,1
39999990.0,1
126500000.0,1
133267706.0,1
133800000.0,1
7719007.0,1
35900000.0,1
38998000.0,1
11376000.0,1
49384900.0,1
49461392.0,1
39383337.0,1
52298828.0,1
3395000.0,1
5599999.0,1
22442152.0,1
33900000.0,1
23960000.0,1
29700000.0,1
27610643.0,1
127750000.0,1
208163060.0,1
21442875.0,1
23272450.0,1
31905600.0,1
66540040.0,1
29060658.0,1
194002099.0,1
75600901.0,1
39369800.0,1
36990000.0,1
48900000.0,1
117160000.0,1
76900000.0,1
3249000.0,1
4949999.0,1
6130000.0,1
103000000.0,1
32198000.0,1
26936362.0,1
37261472.0,1
51091300.0,1
133500000.0,1
32083870.0,1
31127000.0,1
59872000.0,1
28565870.0,1
51308250.0,1
1042360000.0,1
26499000.0,1
11170345.0,1
9249000.0,1
12152935.0,1
7505700.0,1
9300840.0,1
8991217.0,1
13795933.0,1
13044492.0,1
13494329.0,1
13679896.0,1
6890000.0,1
11590000.0,1
17752061.0,1
12850000.0,1
17999999.0,1
8099999.0,1
9690227.0,1
9010709.0,1
24750000.0,1
7195000.0,1
3081000.0,1
6999888.0,1
3690000.0,1
6699000.0,1
6799000.0,1
3499888.0,1
6105000.0,1
4032000.0,1
5640000.0,1
5694614.0,1
6794795.0,1
5989898.0,1
7952907.0,1
6255603.0,1
6470000.0,1
41583970.0,1
95797100.0,1
49476980.0,1
10477700.0,1
10998570.0,1
10983340.0,1
11063500.0,1
12917010.0,1
13390294.0,1
9490016.0,1
10468139.0,1
10492118.0,1
64106527.0,1
10543053.0,1
10542250.0,1
13629402.0,1
13688858.0,1
11288089.0,1
11227457.0,1
11244043.0,1
10903000.0,1
13167629.0,1
12827225.0,1
12885073.0,1
49195944.0,1
11884134.0,1
11927019.0,1
10642560.0,1
10592516.0,1
10618251.0,1
10886398.0,1
10817218.0,1
11972697.0,1
12441162.0,1
52930873.0,1
53140000.0,1
55124180.0,1
9190000.0,1
9499999.0,1
11252662.0,1
11363519.0,1
13638000.0,1
11800004.0,1
72195792.0,1
72443965.0,1
74578750.0,1
2640000.0,1
4349000.0,1
5470000.0,1
5249999.0,1
3430000.0,1
51098000.0,1
84942000.0,1
19515600.0,1
42189800.0,1
22190784.0,1
29800000.0,1
63196000.0,1
11982682.0,1
11897484.0,1
13561772.0,1
11855040.0,1
60116406.0,1
60445264.0,1
14378640.0,1
14315682.0,1
14634633.0,1
11573276.0,1
11580464.0,1
11609000.0,1
11578433.0,1
11772910.0,1
14357205.0,1
14398445.0,1
66333150.0,1
66608642.0,1
11890568.0,1
511936540.0,1
265500000.0,1
203000000.0,1
6108630.0,1
71250000.0,1
6027360.0,1
9698260.0,1
6457950.0,1
5405600.0,1
6678500.0,1
6089457.0,1
8556280.0,1
125970000.0,1
7349000.0,1
9061080.0,1
9215950.0,1
6498500.0,1
6791400.0,1
6304370.0,1
7053640.0,1
15178800.0,1
31511950.0,1
92550000.0,1
68567744.0,1
976580000.0,1
62364598.0,1
99999000.0,1
152135071.0,1
39153670.0,1
46690000.0,1
39202963.0,1
55428800.0,1
34950000.0,1
172363000.0,1
39624279.0,1
557450000.0,1
79970000.0,1
167141024.0,1
72452704.0,1
9940230.0,1
8587680.0,1
10425600.0,1
7087144.0,1
9705140.0,1
12699000.0,1
6633000.0,1
5582500.0,1
41600000.0,1
201794039.0,1
1444670.0,1
2798000.0,1
3499999.0,1
9810130.0,1
10158000.0,1
8461520.0,1
18184878.0,1
17809586.0,1
15924516.0,1
14007111.0,1
20178591.0,1
5398560.0,1
10615922.0,1
6680000.0,1
12906135.0,1
7421700.0,1
9877530.0,1
10909914.0,1
11137117.0,1
11941080.0,1
18144895.0,1
4595000.0,1
7230000.0,1
7160000.0,1
7240000.0,1
7478190.0,1
7448937.0,1
12618723.0,1
61745725.0,1
7054782.0,1
12465600.0,1
42900000.0,1
126021567.0,1
37490000.0,1
175450000.0,1
69700000.0,1
19570000.0,1
21423871.0,1
288277199.0,1
32115301.0,1
32501393.0,1
165216600.0,1
174494300.0,1
30201484.0,1
115430498.0,1
40291971.0,1
155000000.0,1
19999990.0,1
24166611.0,1
59350000.0,1
26296000.0,1
40999999.0,1
1300000000.0,1
16906360.0,1
6777000.0,1
5020000.0,1
122000000.0,1
286355351.0,1
108976392.0,1
412440000.0,1
32910964.0,1
528508199.0,1
114715900.0,1
101000000.0,1
21606000.0,1
19328123.0,1
17691000.0,1
40300687.0,1
309370000.0,1
41550880.0,1
275110500.0,1
252851610.0,1
26610000.0,1
32051700.0,1
59355000.0,1
37441144.0,1
32340400.0,1
96750000.0,1
28625560.0,1
260000000.0,1
363930000.0,1
31095000.0,1
11860000.0,1
26965162.0,1
131670400.0,1
74295000.0,1
28339470.0,1
10399999.0,1
60621401.0,1
48999999.0,1
328500000.0,1
134761000.0,1
85627388.0,1
32996280.0,1
77617693.0,1
23599430.0,1
74800000.0,1
44810000.0,1
186000000.0,1
236130000.0,1
89544000.0,1
98285200.0,1
70149112.0,1
29950000.0,1
47630082.0,1
18443103.0,1
10475172.0,1
38431118.0,1
10133575.0,1
8276337.0,1
8382362.0,1
8430977.0,1
8424900.0,1
8491391.0,1
13446600.0,1
11346163.0,1
7392000.0,1
27850000.0,1
13560000.0,1
15117284.0,1
10740000.0,1
16228973.0,1
20860000.0,1
6465628.0,1
10327757.0,1
8275973.0,1
8159316.0,1
8093594.0,1
8117656.0,1
6765769.0,1
7060339.0,1
7081348.0,1
7257044.0,1
7396082.0,1
7388163.0,1
7365755.0,1
7390221.0,1
7597896.0,1
7578681.0,1
7739844.0,1
7727333.0,1
7816865.0,1
7977765.0,1
8069701.0,1
7299000.0,1
12188083.0,1
10987891.0,1
6936200.0,1
6464000.0,1
6311200.0,1
7472250.0,1
4825800.0,1
7440720.0,1
7344700.0,1
4934760.0,1
5324400.0,1
3860000.0,1
6936000.0,1
44920000.0,1
59995000.0,1
7668907.0,1
7744496.0,1
31950000.0,1
5896800.0,1
5125000.0,1
11498886.0,1
18302468.0,1
13549864.0,1
14802680.0,1
19547690.0,1
12313501.0,1
9822236.0,1
12960949.0,1
16935000.0,1
7421010.0,1
8248000.0,1
9468000.0,1
8240000.0,1
13280000.0,1
6728337.0,1
4365900.0,1
6558300.0,1
6222072.0,1
27335000.0,1
8262654.0,1
97787564.0,1
5786715.0,1
17210880.0,1
6780000.0,1
8999000.0,1
10790000.0,1
67299479.0,1
71292472.0,1
126885354.0,1
17775276.0,1
94134960.0,1
137900000.0,1
211791360.0,1
793035956.0,1
170406885.0,1
225680000.0,1
105190000.0,1
10867271.0,1
15974000.0,1
7398400.0,1
16376742.0,1
10829775.0,1
8990009.0,1
25753277.0,1
13758062.0,1
18104212.0,1
8064000.0,1
8673000.0,1
11611204.0,1
9179000.0,1
9747650.0,1
16632000.0,1
14920790.0,1
6751550.0,1
5680000.0,1
8420580.0,1
74952000.0,1
199566400.0,1
159473280.0,1
185169600.0,1
74950000.0,1
208000000.0,1
360000000.0,1
225000000.0,1
49800000.0,1
53900000.0,1
62100000.0,1
14768813.0,1
12190000.0,1
16984748.0,1
17768630.0,1
9865830.0,1
70270000.0,1
25576200.0,1
12542530.0,1
864831599.0,1
338071300.0,1
295000000.0,1
192184799.0,1
335362475.0,1
117360000.0,1
576554399.0,1
27999999.0,1
95500000.0,1
960923999.0,1
672646799.0,1
300400000.0,1
257500000.0,1
252000000.0,1
59980000.0,1
70350000.0,1
315663533.0,1
70300000.0,1
336650000.0,1
7081627.0,1
7817532.0,1
6853440.0,1
21850000.0,1
39500000.0,1
8912946.0,1
155500000.0,1
8950838.0,1
548230000.0,1
13231700.0,1
8829633.0,1
8805089.0,1
29999999.0,1
23300000.0,1
29478600.0,1
67500000.0,1
65990000.0,1
48490000.0,1
10260000.0,1
8967609.0,1
20400000.0,1
429700000.0,1
261198540.0,1
10216800.0,1
9139315.0,1
9123111.0,1
18975000.0,1
183000000.0,1
266700000.0,1
30900000.0,1
60900000.0,1
4699999.0,1
9198001.0,1
11299999.0,1
18520000.0,1
9030724.0,1
9083057.0,1
9069252.0,1
4980000.0,1
14050000.0,1
76500000.0,1
61500000.0,1
24933100.0,1
15128900.0,1
8645092.0,1
17299000.0,1
8645810.0,1
15550000.0,1
480000000.0,1
96740200.0,1
8631143.0,1
8541613.0,1
14790000.0,1
196100000.0,1
179900000.0,1
1200000000.0,1
349800000.0,1
25612500.0,1
24211300.0,1
44850000.0,1
154784320.0,1
34300000.0,1
8838087.0,1
8825699.0,1
8829314.0,1
8822521.0,1
8740367.0,1
8738248.0,1
8696764.0,1
232000000.0,1
168500000.0,1
117900000.0,1
169300000.0,1
346000000.0,1
228900000.0,1
20250000.0,1
9210600.0,1
9220133.0,1
28990000.0,1
26608400.0,1
109999000.0,1
33599000.0,1
9927562.0,1
9899895.0,1
9897247.0,1
9915250.0,1
20340677.0,1
24209951.0,1
23250000.0,1
17732699.0,1
18916855.0,1
16656600.0,1
9662241.0,1
10899000.0,1
19292000.0,1
9776000.0,1
27627600.0,1
29784000.0,1
10025043.0,1
23699999.0,1
10045487.0,1
9997913.0,1
31018950.0,1
23114000.0,1
36560000.0,1
14799000.0,1
22447500.0,1
39385500.0,1
34194650.0,1
19300000.0,1
29411200.0,1
9885010.0,1
9726270.0,1
9675719.0,1
33990000.0,1
9590866.0,1
19622400.0,1
9326430.0,1
19970000.0,1
13660350.0,1
17127149.0,1
187990000.0,1
191490000.0,1
9305651.0,1
64200000.0,1
14727517.0,1
9302951.0,1
27700000.0,1
9245023.0,1
15970000.0,1
22330000.0,1
9283697.0,1
39000000.0,1
14960000.0,1
9026560.0,1
9626370.0,1
17625300.0,1
9640627.0,1
9440052.0,1
41990000.0,1
24479000.0,1
11858020.0,1
154200000.0,1
13293100.0,1
52496640.0,1
9393257.0,1
9258414.0,1
21252000.0,1
12299990.0,1
431900000.0,1
8509643.0,1
7758553.0,1
12524618.0,1
11366758.0,1
10549472.0,1
10860000.0,1
9834471.0,1
11970973.0,1
9579689.0,1
13169730.0,1
12979153.0,1
11307637.0,1
11680000.0,1
14029570.0,1
11600737.0,1
10947129.0,1
12667320.0,1
14197772.0,1
10566229.0,1
12632096.0,1
15450000.0,1
11933623.0,1
13867804.0,1
13601280.0,1
13305684.0,1
14964250.0,1
8249000.0,1
13328132.0,1
13447521.0,1
12517134.0,1
12997866.0,1
8353799.0,1
8993559.0,1
12428154.0,1
7939663.0,1
13799000.0,1
13084217.0,1
11290648.0,1
8232149.0,1
9578809.0,1
14879973.0,1
16156011.0,1
11185000.0,1
14200152.0,1
14013821.0,1
16180200.0,1
8835000.0,1
14761165.0,1
16151868.0,1
15170000.0,1
11399000.0,1
13890000.0,1
18890000.0,1
11645148.0,1
10721419.0,1
12594758.0,1
14169514.0,1
15522462.0,1
18214798.0,1
4420000.0,1
12790000.0,1
10497000.0,1
7831355.0,1
11180000.0,1
5323213.0,1
6096619.0,1
14246332.0,1
14460984.0,1
12695252.0,1
17111322.0,1
16705967.0,1
17169748.0,1
8925000.0,1
16604787.0,1
12883104.0,1
12489902.0,1
13348326.0,1
31446425.0,1
15048294.0,1
12250904.0,1
8958326.0,1
15106666.0,1
16342371.0,1
8298207.0,1
8298600.0,1
8275112.0,1
118000000.0,1
8254881.0,1
23400000.0,1
38600000.0,1
8263480.0,1
59999999.0,1
6813000.0,1
6727609.0,1
28200000.0,1
17120000.0,1
24911400.0,1
15770000.0,1
228700000.0,1
8522618.0,1
13339405.0,1
8379000.0,1
32734757.0,1
14265000.0,1
18715087.0,1
15431500.0,1
309990000.0,1
397100000.0,1
23645947.0,1
8318880.0,1
8318291.0,1
15580552.0,1
8231415.0,1
13132928.0,1
8150776.0,1
29999000.0,1
16199999.0,1
7903030.0,1
22890000.0,1
10998400.0,1
9442895.0,1
9786800.0,1
9336008.0,1
9653140.0,1
7965753.0,1
9510192.0,1
10323175.0,1
9345105.0,1
5475000.0,1
8247725.0,1
7956216.0,1
7942600.0,1
8110408.0,1
10622576.0,1
54990000.0,1
19229776.0,1
23294169.0,1
8188091.0,1
16850000.0,1
23700000.0,1
18174305.0,1
15100000.0,1
8105789.0,1
8099436.0,1
24597170.0,1
38800000.0,1
13714440.0,1
39998000.0,1
10080668.0,1
10058220.0,1
40800000.0,1
11174000.0,1
8591142.0,1
7487900.0,1
10998720.0,1
12050000.0,1
4090000.0,1
7634627.0,1
7580000.0,1
7911960.0,1
1850000.0,1
7834000.0,1
1290000.0,1
1799000.0,1
9260842.0,1
9960400.0,1
9477838.0,1
6708779.0,1
7762321.0,1
16749295.0,1
9875844.0,1
5811150.0,1
6429260.0,1
6335000.0,1
8980000.0,1
5920000.0,1
1870000.0,1
4120000.0,1
6975000.0,1
2240000.0,1
6260000.0,1
9199999.0,1
10290000.0,1
7945350.0,1
9418963.0,1
8466340.0,1
9999900.0,1
10856303.0,1
5580000.0,1
6820000.0,1
6039000.0,1
8033440.0,1
7554300.0,1
6354300.0,1
12524000.0,1
8508000.0,1
7356098.0,1
4562644.0,1
4471830.0,1
3748680.0,1
4250070.0,1
4193808.0,1
2830000.0,1
11170000.0,1
4216000.0,1
4121600.0,1
7001609.0,1
11999000.0,1
10478915.0,1
6457000.0,1
14129115.0,1
14596128.0,1
9599000.0,1
2249000.0,1
15057864.0,1
2630000.0,1
4634960.0,1
2940000.0,1
13154000.0,1
3897889.0,1
2565235.0,1
11997000.0,1
5290000.0,1
6204120.0,1
5320000.0,1
6671100.0,1
3666000.0,1
4993800.0,1
5767020.0,1
4225000.0,1
3964350.0,1
3404826.0,1
2380000.0,1
5631720.0,1
3944500.0,1
4009500.0,1
5901520.0,1
4625640.0,1
4261900.0,1
3930300.0,1
3975860.0,1
5816400.0,1
4275000.0,1
3857000.0,1
4530750.0,1
1150000.0,1
4639100.0,1
930000.0,1
2460000.0,1
4392640.0,1
4245280.0,1
4047810.0,1
2270000.0,1
1480000.0,1
4125870.0,1
4637950.0,1
700000.0,1
4171380.0,1
4757820.0,1
4175000.0,1
4389000.0,1
3844000.0,1
9260000.0,1
5302800.0,1
4345000.0,1
4315000.0,1
5658000.0,1
6657000.0,1
19600000.0,1
2360000.0,1
14799999.0,1
5692820.0,1
7389200.0,1
16748920.0,1
6704500.0,1
16207850.0,1
7315000.0,1
7379100.0,1
6855710.0,1
4635000.0,1
3470000.0,1
3020000.0,1
3630000.0,1
5702200.0,1
5138800.0,1
4536000.0,1
2860000.0,1
2580000.0,1
1560000.0,1
5445000.0,1
1140000.0,1
3380000.0,1
2530000.0,1
4780000.0,1
2870000.0,1
4830000.0,1
4625000.0,1
5575000.0,1
4524000.0,1
3095200.0,1
16788954.0,1
16990000.0,1
23803867.0,1
23213636.0,1
18192215.0,1
32500000.0,1
7555000.0,1
20360480.0,1
30249760.0,1
6443600.0,1
14500504.0,1
21890000.0,1
17020451.0,1
7515745.0,1
32399446.0,1
27091865.0,1
11780000.0,1
8899000.0,1
8599000.0,1
16495000.0,1
14543191.0,1
6999950.0,1
32779310.0,1
34217670.0,1
9770000.0,1
21801250.0,1
19350000.0,1
11444000.0,1
9999999.0,1
8699999.0,1
20674412.0,1
18117900.0,1
46400000.0,1
11750000.0,1
14685513.0,1
11348799.0,1
22378095.0,1
11272433.0,1
52400000.0,1
21490000.0,1
10231990.0,1
10197820.0,1
88500000.0,1
27762380.0,1
6570000.0,1
9034050.0,1
10174500.0,1
15327000.0,1
10052390.0,1
11999988.0,1
1392320000.0,1
10141321.0,1
763070000.0,1
35700000.0,1
10443943.0,1
10367124.0,1
10571600.0,1
19450000.0,1
11045535.0,1
11065313.0,1
10974888.0,1
13390000.0,1
10687362.0,1
10855800.0,1
16450000.0,1
10536897.0,1
9120000.0,1
14940000.0,1
22300000.0,1
6895000.0,1
10441646.0,1
32800000.0,1
16390000.0,1
3508800.0,1
7980000.0,1
3620000.0,1
2599999.0,1
4099000.0,1
3899999.0,1
14150000.0,1
9555357.0,1
1875000.0,1
8061683.0,1
9532425.0,1
22550000.0,1
8645000.0,1
46074628.0,1
14070000.0,1
10216417.0,1
24360000.0,1
3199776.0,1
3199000.0,1
2960000.0,1
10772600.0,1
2356200.0,1
4720000.0,1
4383400.0,1
6799999.0,1
4152000.0,1
1999990.0,1
1959000.0,1
2820000.0,1
8600747.0,1
3549330.0,1
1200000.0,1
5555000.0,1
9916625.0,1
13830000.0,1
15480000.0,1
25750000.0,1
12837650.0,1
8477764.0,1
9499000.0,1
12555000.0,1
9072500.0,1
11870000.0,1
8866000.0,1
25054600.0,1
8514000.0,1
10770770.0,1
9710000.0,1
19496106.0,1
10108559.0,1
11054085.0,1
12462000.0,1
32164925.0,1
9180900.0,1
34890000.0,1
26696025.0,1
7935000.0,1
3870000.0,1
8782200.0,1
11278100.0,1
12176400.0,1
3420000.0,1
830000.0,1
3580000.0,1
4820000.0,1
8018000.0,1
7934625.0,1
8089112.0,1
8107033.0,1
11050000.0,1
9690000.0,1
8380000.0,1
13250309.0,1
14374701.0,1
6897600.0,1
7532645.0,1
9495000.0,1
6387192.0,1
7595432.0,1
7421427.0,1
6070482.0,1
6199000.0,1
7335765.0,1
7197215.0,1
4730000.0,1
5326994.0,1
5863099.0,1
5409820.0,1
6175000.0,1
6512496.0,1
8420244.0,1
4920300.0,1
14128884.0,1
5740843.0,1
6064000.0,1
6723675.0,1
6850979.0,1
6939696.0,1
15407716.0,1
40656000.0,1
110900000.0,1
27549598.0,1
790000.0,1
24894856.0,1
24400000.0,1
19075224.0,1
21994437.0,1
43650000.0,1
42977610.0,1
5773010.0,1
5164600.0,1
6549406.0,1
13848540.0,1
7511671.0,1
20100000.0,1
7371000.0,1
72478425.0,1
17499999.0,1
67490000.0,1
12700800.0,1
31499000.0,1
22700000.0,1
24140000.0,1
69800000.0,1
15050000.0,1
16730000.0,1
20832000.0,1
116000000.0,1
39578400.0,1
9999990.0,1
28470000.0,1
19850000.0,1
5167658.0,1
6256699.0,1
6533973.0,1
7057272.0,1
7570373.0,1
7272176.0,1
5857214.0,1
5155518.0,1
7579616.0,1
5288318.0,1
5272732.0,1
5434000.0,1
5564058.0,1
5590942.0,1
5649457.0,1
6719485.0,1
7900613.0,1
13402698.0,1
19698000.0,1
93370320.0,1
126669600.0,1
128586988.0,1
251258540.0,1
251566093.0,1
254400000.0,1
273903884.0,1
82172522.0,1
11280000.0,1
61800000.0,1
21798900.0,1
231520000.0,1
241498112.0,1
243000000.0,1
19404000.0,1
19037954.0,1
90693600.0,1
91105000.0,1
62730398.0,1
55452183.0,1
55500000.0,1
55919409.0,1
55767987.0,1
55406138.0,1
56946240.0,1
63500000.0,1
101785250.0,1
63848460.0,1
64360000.0,1
23274675.0,1
72400000.0,1
73373478.0,1
73943100.0,1
19430000.0,1
19717000.0,1
17113980.0,1
19603000.0,1
9062632.0,1
9941906.0,1
12117600.0,1
5040000.0,1
13257365.0,1
13108722.0,1
12482370.0,1
9037800.0,1
8741800.0,1
7477000.0,1
10789377.0,1
9453456.0,1
15113000.0,1
9271400.0,1
7394400.0,1
7088760.0,1
18862169.0,1
8179500.0,1
40500000.0,1
20394000.0,1
20295000.0,1
23100000.0,1
34450000.0,1
36850000.0,1
38990000.0,1
50400000.0,1
5970000.0,1
11446812.0,1
15094389.0,1
14633189.0,1
14497766.0,1
12410000.0,1
12168000.0,1
40514371.0,1
5746701.0,1
16381461.0,1
6390771.0,1
6275000.0,1
10282000.0,1
9490637.0,1
9392523.0,1
8160000.0,1
11699000.0,1
14758000.0,1
7612860.0,1
9678000.0,1
13907160.0,1
10102400.0,1
6878000.0,1
11376680.0,1
4775000.0,1
12780000.0,1
7501182.0,1
11104092.0,1
5701871.0,1
7560639.0,1
6979500.0,1
12933977.0,1
6290000.0,1
10375214.0,1
9818850.0,1
21828240.0,1
7074386.0,1
6561900.0,1
7344322.0,1
8308593.0,1
6937149.0,1
8039585.0,1
4616300.0,1
6084778.0,1
6940076.0,1
12894900.0,1
15715290.0,1
10079580.0,1
16268564.0,1
15878510.0,1
14515954.0,1
15916250.0,1
7198400.0,1
13103200.0,1
7308400.0,1
6753320.0,1
7459200.0,1
13524526.0,1
9549000.0,1
16972518.0,1
8534748.0,1
11420925.0,1
7997000.0,1
6603577.0,1
7432528.0,1
9805047.0,1
11210000.0,1
8900892.0,1
17952900.0,1
12749100.0,1
12126800.0,1
9840000.0,1
11187000.0,1
9321420.0,1
16343747.0,1
12390000.0,1
24247150.0,1
9806447.0,1
9267664.0,1
18210600.0,1
9938000.0,1
17253991.0,1
6130265.0,1
5062200.0,1
6165418.0,1
9544080.0,1
7930500.0,1
7773000.0,1
7026112.0,1
5832000.0,1
6956000.0,1
8610000.0,1
11975130.0,1
3515000.0,1
4343000.0,1
8283660.0,1
8949000.0,1
13683528.0,1
12952382.0,1
7897344.0,1
8472000.0,1
8229000.0,1
5120918.0,1
6310289.0,1
6046394.0,1
5713499.0,1
5730658.0,1
5870421.0,1
5985749.0,1
5996225.0,1
6036870.0,1
6076095.0,1
6318700.0,1
6062467.0,1
6153682.0,1
6297923.0,1
6215564.0,1
6298000.0,1
6227191.0,1
9966240.0,1
8378500.0,1
7839918.0,1
8753100.0,1
9970000.0,1
9809933.0,1
5509400.0,1
12135612.0,1
4020000.0,1
11239000.0,1
5422320.0,1
11560640.0,1
11054000.0,1
9231040.0,1
9424800.0,1
9667446.0,1
6677800.0,1
6744022.0,1
6757381.0,1
5342400.0,1
7293204.0,1
14100000.0,1
12428268.0,1
5499000.0,1
10252800.0,1
6873250.0,1
12478555.0,1
7435800.0,1
12522900.0,1
7027020.0,1
8140000.0,1
14104443.0,1
6775153.0,1
6840000.0,1
8312000.0,1
7299130.0,1
9477204.0,1
51276771.0,1
50818134.0,1
50314880.0,1
14226700.0,1
13079000.0,1
8399999.0,1
18057300.0,1
16042600.0,1
17847500.0,1
8035540.0,1
6898270.0,1
7780840.0,1
7536260.0,1
7190390.0,1
6682795.0,1
4437000.0,1
5522400.0,1
5275000.0,1
5775000.0,1
13285000.0,1
10620000.0,1
44807988.0,1
13446425.0,1
4915050.0,1
3940000.0,1
7415200.0,1
7192273.0,1
6131433.0,1
8416933.0,1
4570000.0,1
6436848.0,1
37642247.0,1
11073650.0,1
12041730.0,1
2575000.0,1
8487000.0,1
8663000.0,1
9704060.0,1
7639786.0,1
3750300.0,1
7037360.0,1
4440000.0,1
5575366.0,1
5756520.0,1
2890000.0,1
2450000.0,1
6120000.0,1
3720000.0,1
3370000.0,1
19905600.0,1
44154000.0,1
6610000.0,1
6530000.0,1
3530000.0,1
5090000.0,1
4499990.0,1
22210238.0,1
19999000.0,1
9790000.0,1
15399999.0,1
13123372.0,1
10517376.0,1
10130560.0,1
10240030.0,1
8878510.0,1
7524100.0,1
10914000.0,1
12003165.0,1
31200000.0,1
15499999.0,1
10870000.0,1
15999000.0,1
12590000.0,1
22400000.0,1
17350000.0,1
6449999.0,1
13735000.0,1
18665600.0,1
4580000.0,1
7664358.0,1
7728000.0,1
8060000.0,1
7995000.0,1
7190000.0,1
4499000.0,1
7733080.0,1
6899000.0,1
6170000.0,1
7726475.0,1
2891000.0,1
5399999.0,1
3299999.0,1
12699999.0,1
4640000.0,1
7757680.0,1
8897080.0,1
8012480.0,1
8925210.0,1
5379729.0,1
7897500.0,1
6662288.0,1
5040204.0,1
5885557.0,1
6486502.0,1
7560000.0,1
7542760.0,1
8103733.0,1
5995897.0,1
6442712.0,1
7137000.0,1
5365710.0,1
5957300.0,1
5430000.0,1
7731089.0,1
16132000.0,1
7731410.0,1
7206277.0,1
7028358.0,1
6465797.0,1
9320000.0,1
6604500.0,1
6319720.0,1
9263100.0,1
7560100.0,1
7165550.0,1
5720000.0,1
21250000.0,1
11074752.0,1
13213200.0,1
12820000.0,1
8777000.0,1
17412459.0,1
10900008.0,1
1935000.0,1
3634685.0,1
25621210.0,1
2485000.0,1
5930000.0,1
22758750.0,1
17903652.0,1
5190000.0,1
130383328.0,1
9682974.0,1
4930000.0,1
62039716.0,1
8368702.0,1
9261223.0,1
8705106.0,1
8477973.0,1
8410000.0,1
13650000.0,1
4410000.0,1
129062915.0,1
68582527.0,1
205000000.0,1
119950000.0,1
74990000.0,1
338715839.0,1
56328615.0,1
111400000.0,1
99271437.0,1
135293060.0,1
8390000.0,1
26408832.0,1
276144397.0,1
462200000.0,1
54461436.0,1
48420000.0,1
110470000.0,1
40771572.0,1
138000000.0,1
19106384.0,1
785019589.0,1
60432000.0,1
148900000.0,1
113210000.0,1
196125000.0,1
31992617.0,1
47500000.0,1
71068800.0,1
799000000.0,1
54442446.0,1
18847239.0,1
56691421.0,1
52675646.0,1
190000000.0,1
96500000.0,1
42353550.0,1
306625000.0,1
57228000.0,1
193275800.0,1
316000000.0,1
335000000.0,1
338232650.0,1
34629917.0,1
35587445.0,1
35950000.0,1
36118496.0,1
36999999.0,1
37412863.0,1
42868340.0,1
43582340.0,1
20252300.0,1
43862151.0,1
44680800.0,1
188900000.0,1
184000000.0,1
18197760.0,1
14381127.0,1
43615110.0,1
231523500.0,1
120260000.0,1
850000000.0,1
63098200.0,1
95634000.0,1
76200000.0,1
224036952.0,1
60500000.0,1
120303960.0,1
139410000.0,1
59055960.0,1
27171760.0,1
101500000.0,1
17780000.0,1
78500000.0,1
1599999.0,1
21910000.0,1
44342800.0,1
501000000.0,1
35948850.0,1
67990000.0,1
169275000.0,1
30916850.0,1
68346547.0,1
83900000.0,1
64750140.0,1
68368780.0,1
460000000.0,1
42495740.0,1
42880200.0,1
82200000.0,1
70450000.0,1
63650000.0,1
50372662.0,1
61120000.0,1
344593211.0,1
3090000.0,1
5699000.0,1
3180000.0,1
10432800.0,1
1250000.0,1
10130000.0,1
37706298.0,1
60294300.0,1
179293500.0,1
247273684.0,1
28170768.0,1
436050000.0,1
71419550.0,1
57840000.0,1
32715700.0,1
490000000.0,1
22602971.0,1
39831637.0,1
19480000.0,1
50055000.0,1
224900000.0,1
13290000.0,1
59104281.0,1
251000000.0,1
46675000.0,1
256542000.0,1
55299000.0,1
146000000.0,1
283821725.0,1
34995150.0,1
39584600.0,1
74432120.0,1
76198750.0,1
52943491.0,1
36783617.0,1
458259200.0,1
72990000.0,1
27800000.0,1
57997000.0,1
479991750.0,1
213948000.0,1
26977720.0,1
585463725.0,1
22431040.0,1
64850000.0,1
723197400.0,1
171000000.0,1
62500000.0,1
365940000.0,1
43365000.0,1
168000000.0,1
15299999.0,1
